Image_Names,Card_ID,Card_Name,Super_Type,Types,Set_Name,Number,Rarity,Large_Image_URL,Small_Image_URL,HP,Abilities,Attacks_JSON,Attack_Names,Attack_Damages,Attack_Texts,Weaknesses,Resistances,Retreat_Cost,Evolves_From,Artist,FlavorText,Normal_low,Normal_mid,Normal_high,Normal_market,Normal_directLow,Holofoil_low,Holofoil_mid,Holofoil_high,Holofoil_market,Holofoil_directLow,ReverseHolofoil_low,ReverseHolofoil_mid,ReverseHolofoil_high,ReverseHolofoil_market,ReverseHolofoil_directLow,FirstEditionHolofoil_low,FirstEditionHolofoil_mid,FirstEditionHolofoil_high,FirstEditionHolofoil_market,FirstEditionHolofoil_directLow,FirstEditionNormal_low,FirstEditionNormal_mid,FirstEditionNormal_high,FirstEditionNormal_market,FirstEditionNormal_directLow
000.jpg,me5-1,Tropius,Pokémon,Grass,Pitch Black,1,Common,https://images.scrydex.com/pokemon/me5-1/large,https://images.scrydex.com/pokemon/me5-1/small,110,,"[{""name"": ""Fruity Aroma"", ""cost"": [""Colorless""], ""convertedEnergyCost"": 1, ""damage"": """", ""text"": ""Look at the top 6 cards of your deck, and you may reveal any number of Pokémon you find there and put them into your hand. Shuffle the other cards back into your deck.""}, {""name"": ""Solar Beam"", ""cost"": [""Grass"", ""Colorless""], ""convertedEnergyCost"": 2, ""damage"": ""60"", ""text"": """"}]",Fruity Aroma|Solar Beam,|60,"Look at the top 6 cards of your deck, and you may reveal any number of Pokémon you find there and put them into your hand. Shuffle the other cards back into your deck.|",Fire:×2,,Colorless,,Akino Fukuji,Delicious fruits grew out from around its neck because it always ate the same kind of fruit.,,,,,,,,,,,,,,,,,,,,,,,,,
001.jpg,me5-2,Grubbin,Pokémon,Grass,Pitch Black,2,Common,https://images.scrydex.com/pokemon/me5-2/large,https://images.scrydex.com/pokemon/me5-2/small,70,,"[{""name"": ""String Shot"", ""cost"": [""Colorless""], ""convertedEnergyCost"": 1, ""damage"": ""10"", ""text"": ""Flip a coin. If heads, your opponent's Active Pokémon is now Paralyzed.""}]",String Shot,10,"Flip a coin. If heads, your opponent's Active Pokémon is now Paralyzed.",Fire:×2,,Colorless__Colorless,,Mina Nakai,"It spits sticky threads and winds them around branches, then swings nimbly from tree to tree in a pendulum-like motion.",,,,,,,,,,,,,,,,,,,,,,,,,
002.jpg,me5-3,Fomantis,Pokémon,Grass,Pitch Black,3,Common,https://images.scrydex.com/pokemon/me5-3/large,https://images.scrydex.com/pokemon/me5-3/small,70,,"[{""name"": ""Reckless Charge"", ""cost"": [""Grass""], ""convertedEnergyCost"": 1, ""damage"": ""30"", ""text"": ""This Pokémon also does 10 damage to itself.""}]",Reckless Charge,30,This Pokémon also does 10 damage to itself.,Fire:×2,,Colorless,,nisimono,Many Trainers give their Fomantis their own flowerpots so they can sunbathe in peace and quiet.,,,,,,,,,,,,,,,,,,,,,,,,,
003.jpg,me5-4,Lurantis ex,Pokémon,Grass,Pitch Black,4,Double Rare,https://images.scrydex.com/pokemon/me5-4/large,https://images.scrydex.com/pokemon/me5-4/small,260,,"[{""name"": ""Lively Cutter"", ""cost"": [""Grass""], ""convertedEnergyCost"": 1, ""damage"": ""60+"", ""text"": ""If this Pokémon was healed during this turn, this attack does 200 more damage.""}, {""name"": ""Leaf Guard"", ""cost"": [""Grass"", ""Colorless""], ""convertedEnergyCost"": 2, ""damage"": ""140"", ""text"": ""During your opponent's next turn, this Pokémon takes 50 less damage from attacks (after applying Weakness and Resistance).""}]",Lively Cutter|Leaf Guard,60+|140,"If this Pokémon was healed during this turn, this attack does 200 more damage.|During your opponent's next turn, this Pokémon takes 50 less damage from attacks (after applying Weakness and Resistance).",Fire:×2,,Colorless,Fomantis,5ban Graphics,,,,,,,,,,,,,,,,,,,,,,,,,,
004.jpg,me5-5,Poltchageist,Pokémon,Grass,Pitch Black,5,Common,https://images.scrydex.com/pokemon/me5-5/large,https://images.scrydex.com/pokemon/me5-5/small,30,"[{""name"": ""Hide 'n' Sneak"", ""text"": ""Prevent all effects of your opponent's Pokémon's attacks and Abilities done to this Pokémon. (Damage is not an effect.)"", ""type"": ""Ability""}]","[{""name"": ""Furtive Drop"", ""cost"": [""Colorless""], ""convertedEnergyCost"": 1, ""damage"": """", ""text"": ""Place 1 damage counter on your opponent's Active Pokémon.""}]",Furtive Drop,,Place 1 damage counter on your opponent's Active Pokémon.,Fire:×2,,,,Mousho,"Poltchageist looks like a regional form of Sinistea, but it was recently discovered that the two Pokémon are entirely unrelated.",,,,,,,,,,,,,,,,,,,,,,,,,
005.jpg,me5-6,Sinistcha,Pokémon,Grass,Pitch Black,6,Uncommon,https://images.scrydex.com/pokemon/me5-6/large,https://images.scrydex.com/pokemon/me5-6/small,60,"[{""name"": ""Hide 'n' Sneak"", ""text"": ""Prevent all effects of your opponent's Pokémon's attacks and Abilities done to this Pokémon. (Damage is not an effect.)"", ""type"": ""Ability""}]","[{""name"": ""Matcha Spin"", ""cost"": [""Colorless""], ""convertedEnergyCost"": 1, ""damage"": """", ""text"": ""If you have 6 or more Pokémon that have the Hide 'n' Sneak Ability in your discard pile, place 4 damage counters on each of your opponent's Pokémon.""}]",Matcha Spin,,"If you have 6 or more Pokémon that have the Hide 'n' Sneak Ability in your discard pile, place 4 damage counters on each of your opponent's Pokémon.",Fire:×2,,Colorless,Poltchageist,mingo,"It prefers cool, dark places, such as the back of a shelf or the space beneath a home's floorboards. It wanders in search of prey after sunset.",,,,,,,,,,,,,,,,,,,,,,,,,
006.jpg,me5-7,Heatran,Pokémon,Fire,Pitch Black,7,Uncommon,https://images.scrydex.com/pokemon/me5-7/large,https://images.scrydex.com/pokemon/me5-7/small,140,,"[{""name"": ""Singe"", ""cost"": [""Fire""], ""convertedEnergyCost"": 1, ""damage"": """", ""text"": ""Your opponent's Active Pokémon is now Burned.""}, {""name"": ""Lava Wall"", ""cost"": [""Fire"", ""Fire"", ""Colorless""], ""convertedEnergyCost"": 3, ""damage"": ""120"", ""text"": ""During your opponent's next turn, prevent all damage done to this Pokémon by attacks from Burned Pokémon.""}]",Singe|Lava Wall,|120,"Your opponent's Active Pokémon is now Burned.|During your opponent's next turn, prevent all damage done to this Pokémon by attacks from Burned Pokémon.",Water:×2,,Colorless__Colorless__Colorless__Colorless,,Takeshi Nakamura,It dwells in volcanic caves. It digs in with its cross- shaped feet to crawl on ceilings and walls.,,,,,,,,,,,,,,,,,,,,,,,,,
007.jpg,me5-8,Mega Delphox ex,Pokémon,Fire,Pitch Black,8,Double Rare,https://images.scrydex.com/pokemon/me5-8/large,https://images.scrydex.com/pokemon/me5-8/small,350,,"[{""name"": ""Trick Portal"", ""cost"": [""Fire""], ""convertedEnergyCost"": 1, ""damage"": """", ""text"": ""Look at the top 9 cards of your deck, and you may put any number of Pokémon you find there onto your Bench. Shuffle the other cards back into your deck.""}, {""name"": ""Eerie Glow"", ""cost"": [""Fire"", ""Colorless"", ""Colorless""], ""convertedEnergyCost"": 3, ""damage"": ""200"", ""text"": ""Your opponent's Active Pokémon is now Burned and Confused.""}]",Trick Portal|Eerie Glow,|200,"Look at the top 9 cards of your deck, and you may put any number of Pokémon you find there onto your Bench. Shuffle the other cards back into your deck.|Your opponent's Active Pokémon is now Burned and Confused.",Water:×2,,Colorless__Colorless,Braixen,5ban Graphics,,,,,,,,,,,,,,,,,,,,,,,,,,
008.jpg,me5-9,Sizzlipede,Pokémon,Fire,Pitch Black,9,Common,https://images.scrydex.com/pokemon/me5-9/large,https://images.scrydex.com/pokemon/me5-9/small,80,,"[{""name"": ""Controlled Burn"", ""cost"": [""Fire""], ""convertedEnergyCost"": 1, ""damage"": """", ""text"": ""Discard the top card of your opponent's deck.""}, {""name"": ""Bug Out"", ""cost"": [""Colorless"", ""Colorless"", ""Colorless""], ""convertedEnergyCost"": 3, ""damage"": ""50×"", ""text"": ""Reveal the bottom 7 cards of your deck, and this attack does 50 damage for each Pokémon you find there that has the Bug Out attack. Then, shuffle any revealed Pokémon back into your deck. Discard the other cards.""}]",Controlled Burn|Bug Out,|50×,"Discard the top card of your opponent's deck.|Reveal the bottom 7 cards of your deck, and this attack does 50 damage for each Pokémon you find there that has the Bug Out attack. Then, shuffle any revealed Pokémon back into your deck. Discard the other cards.",Water:×2,,Colorless__Colorless,,Yuya Oka,It stores flammable gas in its body and uses it to generate heat. The yellow sections on its belly get particularly hot.,,,,,,,,,,,,,,,,,,,,,,,,,
009.jpg,me5-10,Centiskorch,Pokémon,Fire,Pitch Black,10,Common,https://images.scrydex.com/pokemon/me5-10/large,https://images.scrydex.com/pokemon/me5-10/small,140,,"[{""name"": ""Controlled Burn"", ""cost"": [""Fire""], ""convertedEnergyCost"": 1, ""damage"": """", ""text"": ""Discard the top 2 cards of your opponent's deck.""}, {""name"": ""Heat Tackle"", ""cost"": [""Fire"", ""Colorless"", ""Colorless"", ""Colorless""], ""convertedEnergyCost"": 4, ""damage"": ""160"", ""text"": ""This Pokémon also does 30 damage to itself.""}]",Controlled Burn|Heat Tackle,|160,Discard the top 2 cards of your opponent's deck.|This Pokémon also does 30 damage to itself.,Water:×2,,Colorless__Colorless__Colorless,Sizzlipede,Kouki Saitou,"When it heats up, its body temperature reaches about 1,500 degrees Fahrenheit. It lashes its body like a whip and launches itself at enemies.",,,,,,,,,,,,,,,,,,,,,,,,,
010.jpg,me5-11,Charcadet,Pokémon,Fire,Pitch Black,11,Common,https://images.scrydex.com/pokemon/me5-11/large,https://images.scrydex.com/pokemon/me5-11/small,80,,"[{""name"": ""Best Punch"", ""cost"": [""Fire""], ""convertedEnergyCost"": 1, ""damage"": ""40"", ""text"": ""Flip a coin. If tails, this attack does nothing.""}]",Best Punch,40,"Flip a coin. If tails, this attack does nothing.",Water:×2,,Colorless__Colorless,,Ryuta Fuse,"Its firepower increases when it fights, reaching over 1,800 degrees Fahrenheit. It likes berries that are rich in fat.",,,,,,,,,,,,,,,,,,,,,,,,,
011.jpg,me5-12,Armarouge,Pokémon,Fire,Pitch Black,12,Rare,https://images.scrydex.com/pokemon/me5-12/large,https://images.scrydex.com/pokemon/me5-12/small,140,,"[{""name"": ""Flame Legion"", ""cost"": [""Fire""], ""convertedEnergyCost"": 1, ""damage"": ""40+"", ""text"": ""This attack does 40 more damage for each of your Benched Pokémon that has any Fire Energy attached.""}]",Flame Legion,40+,This attack does 40 more damage for each of your Benched Pokémon that has any Fire Energy attached.,Water:×2,,Colorless__Colorless,Charcadet,Jiro Sasumo,"This Pokémon clads itself in armor that has been fortified by psychic and fire energy, and it shoots blazing fireballs.",,,,,,,,,,,,,,,,,,,,,,,,,
012.jpg,me5-13,Goldeen,Pokémon,Water,Pitch Black,13,Common,https://images.scrydex.com/pokemon/me5-13/large,https://images.scrydex.com/pokemon/me5-13/small,70,,"[{""name"": ""Pierce"", ""cost"": [""Colorless"", ""Colorless""], ""convertedEnergyCost"": 2, ""damage"": ""30"", ""text"": """"}]",Pierce,30,,Lightning:×2,,Colorless,,Shibuzoh.,"Its dorsal, pectoral, and tail fins wave elegantly in water. That is why it is known as the Water Dancer.",,,,,,,,,,,,,,,,,,,,,,,,,
013.jpg,me5-14,Seaking,Pokémon,Water,Pitch Black,14,Uncommon,https://images.scrydex.com/pokemon/me5-14/large,https://images.scrydex.com/pokemon/me5-14/small,110,,"[{""name"": ""Hydro Jet"", ""cost"": [""Colorless"", ""Colorless"", ""Colorless""], ""convertedEnergyCost"": 3, ""damage"": """", ""text"": ""This attack does 30 damage to 1 of your opponent's Pokémon for each Water Energy attached to this Pokémon. (Don't apply Weakness and Resistance for Benched Pokémon.)""}]",Hydro Jet,,This attack does 30 damage to 1 of your opponent's Pokémon for each Water Energy attached to this Pokémon. (Don't apply Weakness and Resistance for Benched Pokémon.),Lightning:×2,,Colorless,Goldeen,OKUBO,"In autumn, its body becomes more fatty in preparing to propose to a mate. It takes on beautiful colors.",,,,,,,,,,,,,,,,,,,,,,,,,
014.jpg,me5-15,Wailmer,Pokémon,Water,Pitch Black,15,Common,https://images.scrydex.com/pokemon/me5-15/large,https://images.scrydex.com/pokemon/me5-15/small,130,,"[{""name"": ""Water Gun"", ""cost"": [""Water"", ""Water""], ""convertedEnergyCost"": 2, ""damage"": ""40"", ""text"": """"}, {""name"": ""Wave Splash"", ""cost"": [""Water"", ""Water"", ""Water""], ""convertedEnergyCost"": 3, ""damage"": ""80"", ""text"": """"}]",Water Gun|Wave Splash,40|80,|,Lightning:×2,,Colorless__Colorless__Colorless__Colorless,,Asako Ito,It shows off by spraying jets of seawater from the nostrils above its eyes. It eats a solid ton of Wishiwashi every day.,,,,,,,,,,,,,,,,,,,,,,,,,
015.jpg,me5-16,Wailord ex,Pokémon,Water,Pitch Black,16,Double Rare,https://images.scrydex.com/pokemon/me5-16/large,https://images.scrydex.com/pokemon/me5-16/small,380,,"[{""name"": ""Surf"", ""cost"": [""Water"", ""Water"", ""Water""], ""convertedEnergyCost"": 3, ""damage"": ""120"", ""text"": """"}, {""name"": ""Falling Down"", ""cost"": [""Water"", ""Water"", ""Water"", ""Water"", ""Water""], ""convertedEnergyCost"": 5, ""damage"": ""270"", ""text"": ""This Pokémon is now Asleep.""}]",Surf|Falling Down,120|270,|This Pokémon is now Asleep.,Lightning:×2,,Colorless__Colorless__Colorless__Colorless,Wailmer,5ban Graphics,,,,,,,,,,,,,,,,,,,,,,,,,,
016.jpg,me5-17,Relicanth,Pokémon,Water,Pitch Black,17,Uncommon,https://images.scrydex.com/pokemon/me5-17/large,https://images.scrydex.com/pokemon/me5-17/small,100,,"[{""name"": ""Fossil Beatdown"", ""cost"": [""Colorless""], ""convertedEnergyCost"": 1, ""damage"": ""10+"", ""text"": ""This attack does 30 more damage for each of your Benched Pokémon that has \""Antique\"" in its name.""}]",Fossil Beatdown,10+,"This attack does 30 more damage for each of your Benched Pokémon that has ""Antique"" in its name.",Lightning:×2,,Colorless,,Naoyo Kimura,Rock-hard scales and oil-filled swim bladders allow this Pokémon to survive the intense water pressure of the deep sea.,,,,,,,,,,,,,,,,,,,,,,,,,
017.jpg,me5-18,Popplio,Pokémon,Water,Pitch Black,18,Common,https://images.scrydex.com/pokemon/me5-18/large,https://images.scrydex.com/pokemon/me5-18/small,70,,"[{""name"": ""Pound"", ""cost"": [""Water""], ""convertedEnergyCost"": 1, ""damage"": ""20"", ""text"": """"}]",Pound,20,,Lightning:×2,,Colorless,,Oswaldo KATO,The balloons it inflates with its nose grow larger and larger as it practices day by day.,,,,,,,,,,,,,,,,,,,,,,,,,
018.jpg,me5-19,Brionne,Pokémon,Water,Pitch Black,19,Common,https://images.scrydex.com/pokemon/me5-19/large,https://images.scrydex.com/pokemon/me5-19/small,90,,"[{""name"": ""Hyper Voice"", ""cost"": [""Water""], ""convertedEnergyCost"": 1, ""damage"": ""40"", ""text"": """"}]",Hyper Voice,40,,Lightning:×2,,Colorless__Colorless,Popplio,MINAMINAMI Take,"It cares deeply for its companions. When its Trainer is feeling down, it performs a cheery dance to try to help.",,,,,,,,,,,,,,,,,,,,,,,,,
019.jpg,me5-20,Primarina,Pokémon,Water,Pitch Black,20,Rare,https://images.scrydex.com/pokemon/me5-20/large,https://images.scrydex.com/pokemon/me5-20/small,150,"[{""name"": ""Enriching Melody"", ""text"": ""Once during your turn, when you play this Pokémon from your hand to evolve 1 of your Pokémon, you may use this Ability. Heal all damage from 1 of your Pokémon."", ""type"": ""Ability""}]","[{""name"": ""Aqua Return"", ""cost"": [""Water"", ""Colorless""], ""convertedEnergyCost"": 2, ""damage"": ""120"", ""text"": ""Shuffle this Pokémon and all attached cards into your deck.""}]",Aqua Return,120,Shuffle this Pokémon and all attached cards into your deck.,Lightning:×2,,Colorless__Colorless,Brionne,Taira Akitsu,"Also known as a songstress, it is a sight to behold on moonlit nights when it sings in front of the colony it leads.",,,,,,,,,,,,,,,,,,,,,,,,,
020.jpg,me5-21,Finizen,Pokémon,Water,Pitch Black,21,Common,https://images.scrydex.com/pokemon/me5-21/large,https://images.scrydex.com/pokemon/me5-21/small,80,,"[{""name"": ""Draining Fin"", ""cost"": [""Water"", ""Water""], ""convertedEnergyCost"": 2, ""damage"": ""20"", ""text"": ""Heal 20 damage from this Pokémon.""}]",Draining Fin,20,Heal 20 damage from this Pokémon.,Lightning:×2,,Colorless__Colorless,,Yukiko Baba,Its water ring is made from seawater mixed with a sticky fluid that Finizen secretes from its blowhole.,,,,,,,,,,,,,,,,,,,,,,,,,
021.jpg,me5-22,Palafin,Pokémon,Water,Pitch Black,22,Uncommon,https://images.scrydex.com/pokemon/me5-22/large,https://images.scrydex.com/pokemon/me5-22/small,150,,"[{""name"": ""Knuckle Justice"", ""cost"": [""Water"", ""Water""], ""convertedEnergyCost"": 2, ""damage"": ""80+"", ""text"": ""If your opponent has exactly 1 Prize card remaining, this attack does 200 more damage.""}]",Knuckle Justice,80+,"If your opponent has exactly 1 Prize card remaining, this attack does 200 more damage.",Lightning:×2,,Colorless__Colorless,Finizen,satoma,This hero of the ocean swims at a speed of 50 knots and saves drowning people and Pokémon.,,,,,,,,,,,,,,,,,,,,,,,,,
022.jpg,me5-23,Electrike,Pokémon,Lightning,Pitch Black,23,Common,https://images.scrydex.com/pokemon/me5-23/large,https://images.scrydex.com/pokemon/me5-23/small,70,,"[{""name"": ""Collect"", ""cost"": [""Lightning""], ""convertedEnergyCost"": 1, ""damage"": """", ""text"": ""Draw a card.""}, {""name"": ""Tackle"", ""cost"": [""Lightning"", ""Lightning""], ""convertedEnergyCost"": 2, ""damage"": ""30"", ""text"": """"}]",Collect|Tackle,|30,Draw a card.|,Fighting:×2,,Colorless,,Dsuke,It stores static electricity in its fur for discharging. This Pokémon's whole body gives off sparks if a storm approaches.,,,,,,,,,,,,,,,,,,,,,,,,,
023.jpg,me5-24,Manectric,Pokémon,Lightning,Pitch Black,24,Uncommon,https://images.scrydex.com/pokemon/me5-24/large,https://images.scrydex.com/pokemon/me5-24/small,120,,"[{""name"": ""Flashing Barrier"", ""cost"": [""Lightning"", ""Lightning""], ""convertedEnergyCost"": 2, ""damage"": ""50"", ""text"": ""During your opponent's next turn, prevent all damage done to this Pokémon by attacks from Evolution Pokémon.""}, {""name"": ""Sonic Edge"", ""cost"": [""Lightning"", ""Lightning"", ""Lightning""], ""convertedEnergyCost"": 3, ""damage"": ""110"", ""text"": ""This attack's damage isn't affected by any effects on your opponent's Active Pokémon.""}]",Flashing Barrier|Sonic Edge,50|110,"During your opponent's next turn, prevent all damage done to this Pokémon by attacks from Evolution Pokémon.|This attack's damage isn't affected by any effects on your opponent's Active Pokémon.",Fighting:×2,,Colorless,Electrike,Uninori,It discharges electricity from its mane. The Pokémon creates a thundercloud overhead from which to drop lightning bolts.,,,,,,,,,,,,,,,,,,,,,,,,,
024.jpg,me5-25,Charjabug,Pokémon,Lightning,Pitch Black,25,Common,https://images.scrydex.com/pokemon/me5-25/large,https://images.scrydex.com/pokemon/me5-25/small,100,,"[{""name"": ""Vise Grip"", ""cost"": [""Lightning""], ""convertedEnergyCost"": 1, ""damage"": ""30"", ""text"": """"}, {""name"": ""Ram"", ""cost"": [""Lightning"", ""Lightning""], ""convertedEnergyCost"": 2, ""damage"": ""50"", ""text"": """"}]",Vise Grip|Ram,30|50,|,Fighting:×2,,Colorless__Colorless,Grubbin,Kazuhisa Uragami,"As it digests fallen leaves, it generates and stores electricity, which it can discharge from the tips of its jaws.",,,,,,,,,,,,,,,,,,,,,,,,,
025.jpg,me5-26,Vikavolt,Pokémon,Lightning,Pitch Black,26,Uncommon,https://images.scrydex.com/pokemon/me5-26/large,https://images.scrydex.com/pokemon/me5-26/small,160,,"[{""name"": ""Quick Dive"", ""cost"": [""Lightning""], ""convertedEnergyCost"": 1, ""damage"": """", ""text"": ""This attack does 50 damage to 1 of your opponent's Pokémon. (Don't apply Weakness and Resistance for Benched Pokémon.)""}, {""name"": ""Giga Railgun"", ""cost"": [""Lightning"", ""Lightning""], ""convertedEnergyCost"": 2, ""damage"": ""260"", ""text"": ""If this Pokémon has no Voltaic Lightning Energy attached, this attack does nothing.""}]",Quick Dive|Giga Railgun,|260,"This attack does 50 damage to 1 of your opponent's Pokémon. (Don't apply Weakness and Resistance for Benched Pokémon.)|If this Pokémon has no Voltaic Lightning Energy attached, this attack does nothing.",Fighting:×2,,Colorless__Colorless,Charjabug,KEIICHIRO ITO,"When carrying a Charjabug, Vikavolt can receive electricity from it and then rapidly fire powerful electromagnetic beams from its large jaws.",,,,,,,,,,,,,,,,,,,,,,,,,
026.jpg,me5-27,Mega Zeraora ex,Pokémon,Lightning,Pitch Black,27,Double Rare,https://images.scrydex.com/pokemon/me5-27/large,https://images.scrydex.com/pokemon/me5-27/small,270,,"[{""name"": ""Thunderous Fist"", ""cost"": [""Lightning""], ""convertedEnergyCost"": 1, ""damage"": ""60×"", ""text"": ""This attack does 60 damage for each Lightning Energy attached to this Pokémon.""}, {""name"": ""Zepto Turn"", ""cost"": [""Lightning"", ""Lightning"", ""Lightning""], ""convertedEnergyCost"": 3, ""damage"": ""150"", ""text"": ""Switch this Pokémon with 1 of your Benched Pokémon.""}]",Thunderous Fist|Zepto Turn,60×|150,This attack does 60 damage for each Lightning Energy attached to this Pokémon.|Switch this Pokémon with 1 of your Benched Pokémon.,Fighting:×2,,Colorless,,5ban Graphics,,,,,,,,,,,,,,,,,,,,,,,,,,
027.jpg,me5-28,Miraidon,Pokémon,Lightning,Pitch Black,28,Rare,https://images.scrydex.com/pokemon/me5-28/large,https://images.scrydex.com/pokemon/me5-28/small,120,"[{""name"": ""Photon Cord"", ""text"": ""If this Pokémon is in the Active Spot and is Knocked Out by damage from an attack from your opponent's Pokémon, move up to 2 Basic Lightning Energy cards from this Pokémon to 1 of your Benched Pokémon."", ""type"": ""Ability""}]","[{""name"": ""Thunder"", ""cost"": [""Lightning"", ""Lightning""], ""convertedEnergyCost"": 2, ""damage"": ""90"", ""text"": ""This Pokémon also does 30 damage to itself.""}]",Thunder,90,This Pokémon also does 30 damage to itself.,Fighting:×2,,Colorless,,mashu,This seems to be the Iron Serpent mentioned in an old book. The Iron Serpent is said to have turned the land to ash with its lightning.,,,,,,,,,,,,,,,,,,,,,,,,,
028.jpg,me5-29,Slowpoke,Pokémon,Psychic,Pitch Black,29,Common,https://images.scrydex.com/pokemon/me5-29/large,https://images.scrydex.com/pokemon/me5-29/small,70,,"[{""name"": ""All-You-Can-Yeet"", ""cost"": [""Psychic""], ""convertedEnergyCost"": 1, ""damage"": """", ""text"": ""You may discard any number of cards from your hand.""}, {""name"": ""Headbutt"", ""cost"": [""Colorless"", ""Colorless""], ""convertedEnergyCost"": 2, ""damage"": ""20"", ""text"": """"}]",All-You-Can-Yeet|Headbutt,|20,You may discard any number of cards from your hand.|,Darkness:×2,Fighting:-30,Colorless__Colorless,,Nelnal,"It lazes vacantly near water. If something bites its tail, it won't even notice for a whole day.",,,,,,,,,,,,,,,,,,,,,,,,,
029.jpg,me5-30,Slowbro,Pokémon,Psychic,Pitch Black,30,Uncommon,https://images.scrydex.com/pokemon/me5-30/large,https://images.scrydex.com/pokemon/me5-30/small,130,,"[{""name"": ""All Out"", ""cost"": [""Psychic""], ""convertedEnergyCost"": 1, ""damage"": ""50+"", ""text"": ""If you have no cards in your hand, this attack does 160 more damage.""}, {""name"": ""Zen Headbutt"", ""cost"": [""Colorless"", ""Colorless"", ""Colorless""], ""convertedEnergyCost"": 3, ""damage"": ""110"", ""text"": """"}]",All Out|Zen Headbutt,50+|110,"If you have no cards in your hand, this attack does 160 more damage.|",Darkness:×2,Fighting:-30,Colorless__Colorless__Colorless,Slowpoke,CHORISO,An attached Shellder won't let go because of the tasty flavor that oozes out of Slowbro's tail.,,,,,,,,,,,,,,,,,,,,,,,,,
030.jpg,me5-31,Mega Slowbro ex,Pokémon,Psychic,Pitch Black,31,Double Rare,https://images.scrydex.com/pokemon/me5-31/large,https://images.scrydex.com/pokemon/me5-31/small,330,,"[{""name"": ""Shellnado Spin"", ""cost"": [""Psychic"", ""Psychic"", ""Psychic""], ""convertedEnergyCost"": 3, ""damage"": ""180"", ""text"": ""During your opponent's next turn, if this Pokémon is damaged by an attack (even if this Pokémon is Knocked Out), place 12 damage counters on the Attacking Pokémon.""}]",Shellnado Spin,180,"During your opponent's next turn, if this Pokémon is damaged by an attack (even if this Pokémon is Knocked Out), place 12 damage counters on the Attacking Pokémon.",Darkness:×2,Fighting:-30,Colorless__Colorless__Colorless,Slowpoke,5ban Graphics,,,,,,,,,,,,,,,,,,,,,,,,,,
031.jpg,me5-32,Jynx,Pokémon,Psychic,Pitch Black,32,Common,https://images.scrydex.com/pokemon/me5-32/large,https://images.scrydex.com/pokemon/me5-32/small,100,,"[{""name"": ""Intense Kiss"", ""cost"": [""Psychic""], ""convertedEnergyCost"": 1, ""damage"": """", ""text"": ""At the end of your opponent's next turn, discard the Defending Pokémon and all attached cards.""}, {""name"": ""Psy Bolt"", ""cost"": [""Psychic"", ""Colorless""], ""convertedEnergyCost"": 2, ""damage"": ""50"", ""text"": ""Flip a coin. If heads, your opponent's Active Pokémon is now Paralyzed.""}]",Intense Kiss|Psy Bolt,|50,"At the end of your opponent's next turn, discard the Defending Pokémon and all attached cards.|Flip a coin. If heads, your opponent's Active Pokémon is now Paralyzed.",Darkness:×2,Fighting:-30,Colorless,,Yoshimoto Yoshimon,Its strange cries sound like human language. There are some musicians who compose songs for Jynx to sing.,,,,,,,,,,,,,,,,,,,,,,,,,
032.jpg,me5-33,Shuppet,Pokémon,Psychic,Pitch Black,33,Common,https://images.scrydex.com/pokemon/me5-33/large,https://images.scrydex.com/pokemon/me5-33/small,50,"[{""name"": ""Hide 'n' Sneak"", ""text"": ""Prevent all effects of your opponent's Pokémon's attacks and Abilities done to this Pokémon. (Damage is not an effect.)"", ""type"": ""Ability""}]","[{""name"": ""Hang Down"", ""cost"": [""Psychic""], ""convertedEnergyCost"": 1, ""damage"": ""10"", ""text"": """"}]",Hang Down,10,,Darkness:×2,Fighting:-30,Colorless,,Bun Toujo,It uses its horn to feed on envy and malice-or so it's said. It's very active at night.,,,,,,,,,,,,,,,,,,,,,,,,,
033.jpg,me5-34,Banette,Pokémon,Psychic,Pitch Black,34,Uncommon,https://images.scrydex.com/pokemon/me5-34/large,https://images.scrydex.com/pokemon/me5-34/small,80,"[{""name"": ""Hide 'n' Sneak"", ""text"": ""Prevent all effects of your opponent's Pokémon's attacks and Abilities done to this Pokémon. (Damage is not an effect.)"", ""type"": ""Ability""}]","[{""name"": ""Puppet Pull"", ""cost"": [""Psychic""], ""convertedEnergyCost"": 1, ""damage"": ""80"", ""text"": ""You may search your deck for a card and put it into your hand. Then, shuffle your deck.""}]",Puppet Pull,80,"You may search your deck for a card and put it into your hand. Then, shuffle your deck.",Darkness:×2,Fighting:-30,Colorless,Shuppet,Mugi Hamada,"A doll bore a grudge over being junked, and it became a Pokémon. It seeks the child that disowned it.",,,,,,,,,,,,,,,,,,,,,,,,,
034.jpg,me5-35,Spiritomb,Pokémon,Psychic,Pitch Black,35,Rare,https://images.scrydex.com/pokemon/me5-35/large,https://images.scrydex.com/pokemon/me5-35/small,60,,"[{""name"": ""Spiritual End"", ""cost"": [""Psychic""], ""convertedEnergyCost"": 1, ""damage"": """", ""text"": ""If you have 13 or more Pokémon that have the Hide 'n' Sneak Ability in your discard pile, choose 2 of your opponent's Pokémon and quadruple the number of damage counters on each of them.""}]",Spiritual End,,"If you have 13 or more Pokémon that have the Hide 'n' Sneak Ability in your discard pile, choose 2 of your opponent's Pokémon and quadruple the number of damage counters on each of them.",Darkness:×2,Fighting:-30,Colorless,,danciao,It was formed by uniting 108 spirits. It has been bound to the Odd Keystone to keep it from doing any mischief.,,,,,,,,,,,,,,,,,,,,,,,,,
035.jpg,me5-36,Litwick,Pokémon,Psychic,Pitch Black,36,Common,https://images.scrydex.com/pokemon/me5-36/large,https://images.scrydex.com/pokemon/me5-36/small,70,,"[{""name"": ""Will-O-Wisp"", ""cost"": [""Psychic""], ""convertedEnergyCost"": 1, ""damage"": ""20"", ""text"": """"}]",Will-O-Wisp,20,,Darkness:×2,Fighting:-30,Colorless,,HYOGONOSUKE,"Litwick shines a light that absorbs the life energy of people and Pokémon, which becomes the fuel that it burns.",,,,,,,,,,,,,,,,,,,,,,,,,
036.jpg,me5-37,Lampent,Pokémon,Psychic,Pitch Black,37,Uncommon,https://images.scrydex.com/pokemon/me5-37/large,https://images.scrydex.com/pokemon/me5-37/small,90,,"[{""name"": ""Spreading Light"", ""cost"": [""Psychic""], ""convertedEnergyCost"": 1, ""damage"": """", ""text"": ""Search your deck for up to 3 Lampent and put them onto your Bench. Then, shuffle your deck.""}]",Spreading Light,,"Search your deck for up to 3 Lampent and put them onto your Bench. Then, shuffle your deck.",Darkness:×2,Fighting:-30,Colorless,Litwick,sowsow,Lampent appears at the moment of death and promptly absorbs the spirit as it leaves the body.,,,,,,,,,,,,,,,,,,,,,,,,,
037.jpg,me5-38,Mega Chandelure ex,Pokémon,Psychic,Pitch Black,38,Double Rare,https://images.scrydex.com/pokemon/me5-38/large,https://images.scrydex.com/pokemon/me5-38/small,350,"[{""name"": ""Binding Flame"", ""text"": ""Your opponent's Active Pokémon's Retreat Cost is Colorless more."", ""type"": ""Ability""}]","[{""name"": ""Phantom Maze"", ""cost"": [""Psychic"", ""Psychic""], ""convertedEnergyCost"": 2, ""damage"": ""130+"", ""text"": ""This attack does 50 more damage for each Colorless in your opponent's Active Pokémon's Retreat Cost.""}]",Phantom Maze,130+,This attack does 50 more damage for each Colorless in your opponent's Active Pokémon's Retreat Cost.,Darkness:×2,Fighting:-30,Colorless__Colorless,Lampent,5ban Graphics,,,,,,,,,,,,,,,,,,,,,,,,,,
038.jpg,me5-39,Dhelmise,Pokémon,Psychic,Pitch Black,39,Uncommon,https://images.scrydex.com/pokemon/me5-39/large,https://images.scrydex.com/pokemon/me5-39/small,140,,"[{""name"": ""Vengeful Anchor"", ""cost"": [""Psychic""], ""convertedEnergyCost"": 1, ""damage"": ""30+"", ""text"": ""If you have 4 or more Pokémon that have the Hide 'n' Sneak Ability in your discard pile, this attack does 140 more damage.""}]",Vengeful Anchor,30+,"If you have 4 or more Pokémon that have the Hide 'n' Sneak Ability in your discard pile, this attack does 140 more damage.",Darkness:×2,Fighting:-30,Colorless__Colorless__Colorless,,Oku,"After a piece of seaweed merged with debris from a sunken ship, it was reborn as this ghost Pokémon.",,,,,,,,,,,,,,,,,,,,,,,,,
039.jpg,me5-40,Marshadow,Pokémon,Psychic,Pitch Black,40,Uncommon,https://images.scrydex.com/pokemon/me5-40/large,https://images.scrydex.com/pokemon/me5-40/small,90,,"[{""name"": ""Shadowy Knot"", ""cost"": [""Psychic""], ""convertedEnergyCost"": 1, ""damage"": ""30×"", ""text"": ""This attack does 30 damage for each Colorless in your opponent's Active Pokémon's Retreat Cost.""}]",Shadowy Knot,30×,This attack does 30 damage for each Colorless in your opponent's Active Pokémon's Retreat Cost.,Darkness:×2,Fighting:-30,Colorless,,Nakamura Ippan,"By slipping into the shadow of a martial arts master and copying their movements, this Pokémon learned the ultimate techniques.",,,,,,,,,,,,,,,,,,,,,,,,,
040.jpg,me5-41,Annihilape,Pokémon,Psychic,Pitch Black,41,Uncommon,https://images.scrydex.com/pokemon/me5-41/large,https://images.scrydex.com/pokemon/me5-41/small,150,"[{""name"": ""Durable Body"", ""text"": ""If this Pokémon would be Knocked Out by damage from an attack, flip a coin. If heads, this Pokémon is not Knocked Out, and its remaining HP becomes 10."", ""type"": ""Ability""}]","[{""name"": ""Ghostly Blow"", ""cost"": [""Psychic"", ""Psychic""], ""convertedEnergyCost"": 2, ""damage"": ""100"", ""text"": ""Place 5 damage counters on 1 of your opponent's Benched Pokémon.""}]",Ghostly Blow,100,Place 5 damage counters on 1 of your opponent's Benched Pokémon.,Darkness:×2,Fighting:-30,Colorless__Colorless,Primeape,Haru Akasaka,It imbues its fists with the power of the rage that it kept hidden in its heart. Opponents struck by these imbued fists will be shattered to their core.,,,,,,,,,,,,,,,,,,,,,,,,,
041.jpg,me5-42,Mankey,Pokémon,Fighting,Pitch Black,42,Common,https://images.scrydex.com/pokemon/me5-42/large,https://images.scrydex.com/pokemon/me5-42/small,50,,"[{""name"": ""Low Kick"", ""cost"": [""Colorless""], ""convertedEnergyCost"": 1, ""damage"": ""20"", ""text"": """"}]",Low Kick,20,,Psychic:×2,,Colorless,,,,,,,,,,,,,,,,,,,,,,,,,,,,
042.jpg,me5-43,Primeape,Pokémon,Fighting,Pitch Black,43,Common,https://images.scrydex.com/pokemon/me5-43/large,https://images.scrydex.com/pokemon/me5-43/small,110,,"[{""name"": ""Corkscrew Punch"", ""cost"": [""Colorless"", ""Colorless""], ""convertedEnergyCost"": 2, ""damage"": ""50"", ""text"": """"}]",Corkscrew Punch,50,,Psychic:×2,,Colorless__Colorless,Mankey,GOSSAN,Some researchers theorize that Primeape remains angry even when inside a Poké Ball.,,,,,,,,,,,,,,,,,,,,,,,,,
043.jpg,me5-44,Cranidos,Pokémon,Fighting,Pitch Black,44,Common,https://images.scrydex.com/pokemon/me5-44/large,https://images.scrydex.com/pokemon/me5-44/small,100,,"[{""name"": ""Push Down"", ""cost"": [""Fighting"", ""Fighting""], ""convertedEnergyCost"": 2, ""damage"": ""70"", ""text"": ""Switch out your opponent's Active Pokémon to the Bench. (Your opponent chooses the new Active Pokémon.)""}]",Push Down,70,Switch out your opponent's Active Pokémon to the Bench. (Your opponent chooses the new Active Pokémon.),Grass:×2,,Colorless__Colorless,Antique Skull Fossil,Hideki Ishikawa,Cranidos toughen up their already sturdy heads by headbutting one another.,,,,,,,,,,,,,,,,,,,,,,,,,
044.jpg,me5-45,Rampardos ex,Pokémon,Fighting,Pitch Black,45,Double Rare,https://images.scrydex.com/pokemon/me5-45/large,https://images.scrydex.com/pokemon/me5-45/small,330,"[{""name"": ""Destructive Headbutting"", ""text"": ""Once during your turn, if this Pokémon is in the Active Spot, you may use this Ability. Flip a coin. If heads, discard an Energy from your opponent's Active Pokémon."", ""type"": ""Ability""}]","[{""name"": ""Rowdy Hammer"", ""cost"": [""Fighting"", ""Fighting""], ""convertedEnergyCost"": 2, ""damage"": ""150"", ""text"": ""During your next turn, attacks used by this Pokémon do 150 more damage to your opponent's Active Pokémon (before applying Weakness and Resistance).""}]",Rowdy Hammer,150,"During your next turn, attacks used by this Pokémon do 150 more damage to your opponent's Active Pokémon (before applying Weakness and Resistance).",Grass:×2,,Colorless__Colorless,Cranidos,hncl,,,,,,,,,,,,,,,,,,,,,,,,,,
045.jpg,me5-46,Drilbur,Pokémon,Fighting,Pitch Black,46,Common,https://images.scrydex.com/pokemon/me5-46/large,https://images.scrydex.com/pokemon/me5-46/small,70,,"[{""name"": ""Call for Family"", ""cost"": [""Colorless""], ""convertedEnergyCost"": 1, ""damage"": """", ""text"": ""Search your deck for up to 2 Basic Pokémon and put them onto your Bench. Then, shuffle your deck.""}, {""name"": ""Dig Claws"", ""cost"": [""Colorless"", ""Colorless"", ""Colorless""], ""convertedEnergyCost"": 3, ""damage"": ""50"", ""text"": """"}]",Call for Family|Dig Claws,|50,"Search your deck for up to 2 Basic Pokémon and put them onto your Bench. Then, shuffle your deck.|",Grass:×2,,Colorless__Colorless,,,,,,,,,,,,,,,,,,,,,,,,,,,,
046.jpg,me5-47,Koraidon,Pokémon,Fighting,Pitch Black,47,Rare,https://images.scrydex.com/pokemon/me5-47/large,https://images.scrydex.com/pokemon/me5-47/small,130,,"[{""name"": ""Battle Claw"", ""cost"": [""Fighting""], ""convertedEnergyCost"": 1, ""damage"": ""30+"", ""text"": ""If your opponent's Active Pokémon is an Evolution Pokémon, this attack does 30 more damage.""}, {""name"": ""Gaia Impact"", ""cost"": [""Fighting"", ""Fighting"", ""Colorless""], ""convertedEnergyCost"": 3, ""damage"": ""190"", ""text"": ""Discard all Energy from this Pokémon.""}]",Battle Claw|Gaia Impact,30+|190,"If your opponent's Active Pokémon is an Evolution Pokémon, this attack does 30 more damage.|Discard all Energy from this Pokémon.",Psychic:×2,,Colorless__Colorless,,,,,,,,,,,,,,,,,,,,,,,,,,,,
047.jpg,me5-48,Mega Darkrai ex,Pokémon,Darkness,Pitch Black,48,Double Rare,https://images.scrydex.com/pokemon/me5-48/large,https://images.scrydex.com/pokemon/me5-48/small,280,,"[{""name"": ""Dusk Raid"", ""cost"": [""Darkness"", ""Darkness""], ""convertedEnergyCost"": 2, ""damage"": ""110+"", ""text"": ""If your Benched Pokémon have any damage counters on them, this attack does 110 more damage.""}, {""name"": ""Abyss Eye"", ""cost"": [""Darkness"", ""Darkness"", ""Darkness""], ""convertedEnergyCost"": 3, ""damage"": """", ""text"": ""If your opponent's Active Pokémon is affected by a Special Condition, it is Knocked Out.""}]",Dusk Raid|Abyss Eye,110+|,"If your Benched Pokémon have any damage counters on them, this attack does 110 more damage.|If your opponent's Active Pokémon is affected by a Special Condition, it is Knocked Out.",Grass:×2,,Colorless__Colorless,,5ban Graphics,,,,,,,,,,,,,,,,,,,,,,,,,,
048.jpg,me5-49,Vullaby,Pokémon,Darkness,Pitch Black,49,Common,https://images.scrydex.com/pokemon/me5-49/large,https://images.scrydex.com/pokemon/me5-49/small,70,,"[{""name"": ""Flap"", ""cost"": [""Darkness""], ""convertedEnergyCost"": 1, ""damage"": ""10"", ""text"": """"}, {""name"": ""Gust"", ""cost"": [""Darkness"", ""Colorless""], ""convertedEnergyCost"": 2, ""damage"": ""20"", ""text"": """"}]",Flap|Gust,10|20,|,Lightning:×2,Fighting:-30,Colorless,,Shiburingaru,Its healthy appetite leads to visible growth spurts. It often has to replace the bones it wears as its size increases.,,,,,,,,,,,,,,,,,,,,,,,,,
049.jpg,me5-50,Mandibuzz,Pokémon,Darkness,Pitch Black,50,Common,https://images.scrydex.com/pokemon/me5-50/large,https://images.scrydex.com/pokemon/me5-50/small,120,,"[{""name"": ""Bone Sniper"", ""cost"": [""Darkness""], ""convertedEnergyCost"": 1, ""damage"": """", ""text"": ""This attack does 70 damage to 1 of your opponent's Pokémon that has any Special Energy attached. (Don't apply Weakness and Resistance for Benched Pokémon.)""}, {""name"": ""Blasting Wind"", ""cost"": [""Darkness"", ""Darkness"", ""Colorless""], ""convertedEnergyCost"": 3, ""damage"": ""120"", ""text"": """"}]",Bone Sniper|Blasting Wind,|120,This attack does 70 damage to 1 of your opponent's Pokémon that has any Special Energy attached. (Don't apply Weakness and Resistance for Benched Pokémon.)|,Lightning:×2,Fighting:-30,Colorless__Colorless,Vullaby,Nisota Niso,"Watching from the sky, they attack weakened prey on the ground. They have a habit of decorating themselves with bones.",,,,,,,,,,,,,,,,,,,,,,,,,
050.jpg,me5-51,Inkay,Pokémon,Darkness,Pitch Black,51,Common,https://images.scrydex.com/pokemon/me5-51/large,https://images.scrydex.com/pokemon/me5-51/small,60,,"[{""name"": ""Procurement"", ""cost"": [""Darkness""], ""convertedEnergyCost"": 1, ""damage"": """", ""text"": ""Search your deck for an Item card, reveal it, and put it into your hand. Then, shuffle your deck.""}, {""name"": ""Spinning Attack"", ""cost"": [""Darkness"", ""Darkness""], ""convertedEnergyCost"": 2, ""damage"": ""30"", ""text"": """"}]",Procurement|Spinning Attack,|30,"Search your deck for an Item card, reveal it, and put it into your hand. Then, shuffle your deck.|",Grass:×2,,Colorless,,Yuriko Akase,It drains foes' will to fight by flashing light at them. It then takes the opportunity to hide itself away.,,,,,,,,,,,,,,,,,,,,,,,,,
051.jpg,me5-52,Malamar,Pokémon,Darkness,Pitch Black,52,Uncommon,https://images.scrydex.com/pokemon/me5-52/large,https://images.scrydex.com/pokemon/me5-52/small,120,,"[{""name"": ""Perplex"", ""cost"": [""Darkness""], ""convertedEnergyCost"": 1, ""damage"": """", ""text"": ""Your opponent's Active Pokémon is now Confused.""}, {""name"": ""Brain Crush"", ""cost"": [""Darkness""], ""convertedEnergyCost"": 1, ""damage"": ""130"", ""text"": ""If your opponent's Active Pokémon isn't Confused, this attack does nothing.""}]",Perplex|Brain Crush,|130,"Your opponent's Active Pokémon is now Confused.|If your opponent's Active Pokémon isn't Confused, this attack does nothing.",Grass:×2,,Colorless__Colorless,Inkay,Naoki Saito,"It wields the most compelling hypnotic powers of any Pokémon, and it forces others to do whatever it wants.",,,,,,,,,,,,,,,,,,,,,,,,,
052.jpg,me5-53,Nickit,Pokémon,Darkness,Pitch Black,53,Common,https://images.scrydex.com/pokemon/me5-53/large,https://images.scrydex.com/pokemon/me5-53/small,70,,"[{""name"": ""Gnaw"", ""cost"": [""Darkness""], ""convertedEnergyCost"": 1, ""damage"": ""10"", ""text"": """"}, {""name"": ""Rear Kick"", ""cost"": [""Darkness"", ""Colorless""], ""convertedEnergyCost"": 2, ""damage"": ""30"", ""text"": """"}]",Gnaw|Rear Kick,10|30,|,Grass:×2,,Colorless,,Krgc,"Aided by the soft pads on its feet, it silently raids the food stores of other Pokemon. It survives off its ill-gotten gains.",,,,,,,,,,,,,,,,,,,,,,,,,
053.jpg,me5-54,Thievul,Pokémon,Darkness,Pitch Black,54,Uncommon,https://images.scrydex.com/pokemon/me5-54/large,https://images.scrydex.com/pokemon/me5-54/small,100,,"[{""name"": ""Skill Thief"", ""cost"": [""Colorless"", ""Colorless""], ""convertedEnergyCost"": 2, ""damage"": """", ""text"": ""If you have no cards in your hand, choose an attack from 1 of your opponent's Pokémon in play and use it as this attack.""}, {""name"": ""Sharp Fang"", ""cost"": [""Darkness"", ""Colorless"", ""Colorless""], ""convertedEnergyCost"": 3, ""damage"": ""80"", ""text"": """"}]",Skill Thief|Sharp Fang,|80,"If you have no cards in your hand, choose an attack from 1 of your opponent's Pokémon in play and use it as this attack.|",Grass:×2,,Colorless,Nickit,GOTO minori,"It secretly marks potential targets with a scent. By following the scent, it stalks its targets and steals from them when they least expect it.",,,,,,,,,,,,,,,,,,,,,,,,,
054.jpg,me5-55,Morpeko ex,Pokémon,Darkness,Pitch Black,55,Double Rare,https://images.scrydex.com/pokemon/me5-55/large,https://images.scrydex.com/pokemon/me5-55/small,180,,"[{""name"": ""Wheely Draw"", ""cost"": [""Darkness""], ""convertedEnergyCost"": 1, ""damage"": """", ""text"": ""Shuffle your hand into your deck. Then, draw 6 cards.""}, {""name"": ""Hangry Blaster"", ""cost"": [""Darkness"", ""Darkness""], ""convertedEnergyCost"": 2, ""damage"": ""40+"", ""text"": ""This attack does 40 more damage for each damage counter on this Pokémon.""}]",Wheely Draw|Hangry Blaster,|40+,"Shuffle your hand into your deck. Then, draw 6 cards.|This attack does 40 more damage for each damage counter on this Pokémon.",Grass:×2,,Colorless,,aky GG Works,,,,,,,,,,,,,,,,,,,,,,,,,,
055.jpg,me5-56,Zarude,Pokémon,Darkness,Pitch Black,56,Rare,https://images.scrydex.com/pokemon/me5-56/large,https://images.scrydex.com/pokemon/me5-56/small,130,,"[{""name"": ""Overhead Throw"", ""cost"": [""Darkness""], ""convertedEnergyCost"": 1, ""damage"": ""30"", ""text"": ""This attack also does 30 damage to 1 of your Benched Pokémon. (Don't apply Weakness and Resistance for Benched Pokémon.)""}, {""name"": ""Shadowy Whip"", ""cost"": [""Darkness"", ""Darkness"", ""Darkness""], ""convertedEnergyCost"": 3, ""damage"": ""100+"", ""text"": ""If your Benched Pokémon have any Shadowy Darkness Energy attached, this attack does 70 more damage.""}]",Overhead Throw|Shadowy Whip,30|100+,"This attack also does 30 damage to 1 of your Benched Pokémon. (Don't apply Weakness and Resistance for Benched Pokémon.)|If your Benched Pokémon have any Shadowy Darkness Energy attached, this attack does 70 more damage.",Grass:×2,,Colorless__Colorless,,matazo,"Within dense forests, this Pokemon lives in a pack with others of its kind. It's incredibly aggressive, and the other Pokemon of the forest fear it.",,,,,,,,,,,,,,,,,,,,,,,,,
056.jpg,me5-57,Maschiff,Pokémon,Darkness,Pitch Black,57,Common,https://images.scrydex.com/pokemon/me5-57/large,https://images.scrydex.com/pokemon/me5-57/small,70,,"[{""name"": ""Bite"", ""cost"": [""Darkness"", ""Darkness""], ""convertedEnergyCost"": 2, ""damage"": ""40"", ""text"": """"}]",Bite,40,,Grass:×2,,Colorless__Colorless,,ryoma uratsuka,"Its well-developed jaw and fangs are strong enough to crunch through boulders, and its thick fat makes for an excellent defense.",,,,,,,,,,,,,,,,,,,,,,,,,
057.jpg,me5-58,Mabosstiff,Pokémon,Darkness,Pitch Black,58,Common,https://images.scrydex.com/pokemon/me5-58/large,https://images.scrydex.com/pokemon/me5-58/small,140,,"[{""name"": ""Bite"", ""cost"": [""Darkness"", ""Darkness""], ""convertedEnergyCost"": 2, ""damage"": ""60"", ""text"": """"}, {""name"": ""Plunging Headbutt"", ""cost"": [""Darkness"", ""Darkness"", ""Darkness""], ""convertedEnergyCost"": 3, ""damage"": ""210"", ""text"": ""During your opponent's next turn, this Pokémon takes 100 more damage from attacks (after applying Weakness and Resistance).""}]",Bite|Plunging Headbutt,60|210,"|During your opponent's next turn, this Pokémon takes 100 more damage from attacks (after applying Weakness and Resistance).",Grass:×2,,Colorless__Colorless__Colorless,Maschiff,kawayoo,"Mabosstiff loves playing with children. Though usually gentle, it takes on an intimidating look when protecting its family.",,,,,,,,,,,,,,,,,,,,,,,,,
058.jpg,me5-59,Chi-Yu,Pokémon,Darkness,Pitch Black,59,Rare,https://images.scrydex.com/pokemon/me5-59/large,https://images.scrydex.com/pokemon/me5-59/small,90,,"[{""name"": ""Whirling Envy"", ""cost"": [""Darkness""], ""convertedEnergyCost"": 1, ""damage"": ""20+"", ""text"": ""If this Pokémon has 2 or more damage counters on it, this attack does 90 more damage. This attack's damage isn't affected by Weakness.""}]",Whirling Envy,20+,"If this Pokémon has 2 or more damage counters on it, this attack does 90 more damage. This attack's damage isn't affected by Weakness.",Grass:×2,,Colorless,,IKEDA Saki,The envy accumulated within curved beads that sparked multiple conflicts has clad itself in fire and become a Pokémon.,,,,,,,,,,,,,,,,,,,,,,,,,
059.jpg,me5-60,Skarmory,Pokémon,Metal,Pitch Black,60,Common,https://images.scrydex.com/pokemon/me5-60/large,https://images.scrydex.com/pokemon/me5-60/small,120,,"[{""name"": ""Steel Cutter"", ""cost"": [""Metal""], ""convertedEnergyCost"": 1, ""damage"": ""40×"", ""text"": ""Discard up to 2 Basic Metal Energy cards from your hand, and this attack does 40 damage for each card you discarded in this way.""}]",Steel Cutter,40×,"Discard up to 2 Basic Metal Energy cards from your hand, and this attack does 40 damage for each card you discarded in this way.",Lightning:×2,Fighting:-30,Colorless,,Anesaki Dynamic,"Because it nests in bramble bushes, the feathers of its chicks grow hard from being scratched by thorns.",,,,,,,,,,,,,,,,,,,,,,,,,
060.jpg,me5-61,Shieldon,Pokémon,Metal,Pitch Black,61,Common,https://images.scrydex.com/pokemon/me5-61/large,https://images.scrydex.com/pokemon/me5-61/small,100,,"[{""name"": ""Smithereen Smash"", ""cost"": [""Metal"", ""Colorless""], ""convertedEnergyCost"": 2, ""damage"": ""50"", ""text"": ""Discard an Energy from your opponent's Active Pokémon.""}]",Smithereen Smash,50,Discard an Energy from your opponent's Active Pokémon.,Fire:×2,Grass:-30,Colorless__Colorless__Colorless,Antique Armor Fossil,Kurata So,This Pokémon lived in primeval jungles. It's thought that Shieldon had few enemies thanks to its sturdy face.,,,,,,,,,,,,,,,,,,,,,,,,,
061.jpg,me5-62,Bastiodon,Pokémon,Metal,Pitch Black,62,Rare,https://images.scrydex.com/pokemon/me5-62/large,https://images.scrydex.com/pokemon/me5-62/small,160,"[{""name"": ""Ancient Bulwark"", ""text"": ""As long as this Pokémon is on your Bench, prevent all damage done to each of your Pokémon by attacks from your opponent's Pokémon that have 2 or less Energy attached."", ""type"": ""Ability""}]","[{""name"": ""Hammer In"", ""cost"": [""Metal"", ""Metal"", ""Colorless""], ""convertedEnergyCost"": 3, ""damage"": ""160"", ""text"": """"}]",Hammer In,160,,Fire:×2,Grass:-30,Colorless__Colorless__Colorless__Colorless,Shieldon,Kinu Nishimura,"Bastiodon live in herds. When assaulted by enemies, they line up side by side and use their hard faces to block attacks.",,,,,,,,,,,,,,,,,,,,,,,,,
062.jpg,me5-63,Bronzor,Pokémon,Metal,Pitch Black,63,Common,https://images.scrydex.com/pokemon/me5-63/large,https://images.scrydex.com/pokemon/me5-63/small,80,,"[{""name"": ""Mirror Attack"", ""cost"": [""Metal""], ""convertedEnergyCost"": 1, ""damage"": ""10+"", ""text"": ""If your opponent's Active Pokémon is a Metal Pokémon, this attack does 30 more damage.""}]",Mirror Attack,10+,"If your opponent's Active Pokémon is a Metal Pokémon, this attack does 30 more damage.",Fire:×2,Grass:-30,Colorless__Colorless__Colorless,,Saboteri,They are found in ancient tombs. The patterns on their backs are said to be imbued with mysterious power.,,,,,,,,,,,,,,,,,,,,,,,,,
063.jpg,me5-64,Bronzong,Pokémon,Metal,Pitch Black,64,Uncommon,https://images.scrydex.com/pokemon/me5-64/large,https://images.scrydex.com/pokemon/me5-64/small,130,,"[{""name"": ""Gentle Slap"", ""cost"": [""Metal""], ""convertedEnergyCost"": 1, ""damage"": ""40"", ""text"": """"}, {""name"": ""Metal Block"", ""cost"": [""Metal"", ""Metal"", ""Colorless""], ""convertedEnergyCost"": 3, ""damage"": ""120"", ""text"": ""During your opponent's next turn, this Pokémon takes 100 less damage from attacks from Evolution Pokémon (after applying Weakness and Resistance).""}]",Gentle Slap|Metal Block,40|120,"|During your opponent's next turn, this Pokémon takes 100 less damage from attacks from Evolution Pokémon (after applying Weakness and Resistance).",Fire:×2,Grass:-30,Colorless__Colorless__Colorless,Bronzor,Uta,It brought rains by opening portals to another world. It was revered as a bringer of plentiful harvests.,,,,,,,,,,,,,,,,,,,,,,,,,
064.jpg,me5-65,Mega Excadrill ex,Pokémon,Metal,Pitch Black,65,Double Rare,https://images.scrydex.com/pokemon/me5-65/large,https://images.scrydex.com/pokemon/me5-65/small,340,,"[{""name"": ""Undermine"", ""cost"": [""Metal"", ""Metal""], ""convertedEnergyCost"": 2, ""damage"": ""90"", ""text"": ""Discard the top 2 cards of your opponent's deck.""}, {""name"": ""Maximum Drilling"", ""cost"": [""Metal"", ""Metal"", ""Metal""], ""convertedEnergyCost"": 3, ""damage"": ""200+"", ""text"": ""If this Pokémon has at least 2 extra Energy attached (in addition to this attack's cost), this attack does 130 more damage.""}]",Undermine|Maximum Drilling,90|200+,"Discard the top 2 cards of your opponent's deck.|If this Pokémon has at least 2 extra Energy attached (in addition to this attack's cost), this attack does 130 more damage.",Fire:×2,Grass:-30,Colorless__Colorless__Colorless__Colorless,Drilbur,Keisuke Azuma,,,,,,,,,,,,,,,,,,,,,,,,,,
065.jpg,me5-66,Pikipek,Pokémon,Colorless,Pitch Black,66,Common,https://images.scrydex.com/pokemon/me5-66/large,https://images.scrydex.com/pokemon/me5-66/small,70,,"[{""name"": ""Double Stab"", ""cost"": [""Colorless""], ""convertedEnergyCost"": 1, ""damage"": ""10×"", ""text"": ""Flip 2 coins. This attack does 10 damage for each heads.""}]",Double Stab,10×,Flip 2 coins. This attack does 10 damage for each heads.,Lightning:×2,Fighting:-30,Colorless,,Koji Nakata,"Pikipek has strong muscles in its neck, so it won't hurt itself even if it violently shakes its head.",,,,,,,,,,,,,,,,,,,,,,,,,
066.jpg,me5-67,Trumbeak,Pokémon,Colorless,Pitch Black,67,Common,https://images.scrydex.com/pokemon/me5-67/large,https://images.scrydex.com/pokemon/me5-67/small,90,,"[{""name"": ""Fly"", ""cost"": [""Colorless""], ""convertedEnergyCost"": 1, ""damage"": ""30"", ""text"": ""Flip a coin. If tails, this attack does nothing. If heads, during your opponent's next turn, prevent all damage from and effects of attacks done to this Pokémon.""}]",Fly,30,"Flip a coin. If tails, this attack does nothing. If heads, during your opponent's next turn, prevent all damage from and effects of attacks done to this Pokémon.",Lightning:×2,Fighting:-30,Colorless,Pikipek,,,,,,,,,,,,,,,,,,,,,,,,,,,
067.jpg,me5-68,Toucannon,Pokémon,Colorless,Pitch Black,68,Uncommon,https://images.scrydex.com/pokemon/me5-68/large,https://images.scrydex.com/pokemon/me5-68/small,150,"[{""name"": ""Aerial Draw"", ""text"": ""Once during your turn, you may use this Ability. Draw a card."", ""type"": ""Ability""}]","[{""name"": ""Feather Rondo"", ""cost"": [""Colorless""], ""convertedEnergyCost"": 1, ""damage"": ""60+"", ""text"": ""This attack does 20 more damage for each Benched Pokémon (both yours and your opponent's).""}]",Feather Rondo,60+,This attack does 20 more damage for each Benched Pokémon (both yours and your opponent's).,Lightning:×2,Fighting:-30,Colorless__Colorless,Trumbeak,Masako Tomii,"Pairs of Toucannon are considered symbols of companionship, as these Pokémon will raise the temperature of their beaks to warm each other.",,,,,,,,,,,,,,,,,,,,,,,,,
068.jpg,me5-69,Type: Null,Pokémon,Colorless,Pitch Black,69,Common,https://images.scrydex.com/pokemon/me5-69/large,https://images.scrydex.com/pokemon/me5-69/small,110,,"[{""name"": ""Power Edge"", ""cost"": [""Colorless"", ""Colorless""], ""convertedEnergyCost"": 2, ""damage"": ""40"", ""text"": """"}]",Power Edge,40,,Fighting:×2,,Colorless__Colorless,,Ligton,It was modeled after a mighty Pokémon of myth. The mask placed upon it limits its power in order to keep it under control.,,,,,,,,,,,,,,,,,,,,,,,,,
069.jpg,me5-70,Silvally,Pokémon,Colorless,Pitch Black,70,Rare,https://images.scrydex.com/pokemon/me5-70/large,https://images.scrydex.com/pokemon/me5-70/small,140,"[{""name"": ""Call a Buddy"", ""text"": ""Once during your turn, if you have no cards in your hand, you may use this Ability. Search your deck for a Supporter card, reveal it, and put it into your hand. Then, shuffle your deck."", ""type"": ""Ability""}]","[{""name"": ""Air Slash"", ""cost"": [""Colorless"", ""Colorless"", ""Colorless""], ""convertedEnergyCost"": 3, ""damage"": ""130"", ""text"": ""Discard an Energy from this Pokémon.""}]",Air Slash,130,Discard an Energy from this Pokémon.,Fighting:×2,,Colorless__Colorless,Type: Null,Takumi Wada,The final factor needed to release this Pokémon's true power was a strong bond with a Trainer it trusts.,,,,,,,,,,,,,,,,,,,,,,,,,
070.jpg,me5-71,Bombirdier,Pokémon,Colorless,Pitch Black,71,Common,https://images.scrydex.com/pokemon/me5-71/large,https://images.scrydex.com/pokemon/me5-71/small,100,,"[{""name"": ""Challenging Delivery"", ""cost"": [""Colorless"", ""Colorless""], ""convertedEnergyCost"": 2, ""damage"": """", ""text"": ""Flip 2 coins. If both of them are heads, search your deck for a Pokémon and put it onto your Bench. Then, shuffle your deck.""}, {""name"": ""Speed Wing"", ""cost"": [""Colorless"", ""Colorless"", ""Colorless""], ""convertedEnergyCost"": 3, ""damage"": ""100"", ""text"": """"}]",Challenging Delivery|Speed Wing,|100,"Flip 2 coins. If both of them are heads, search your deck for a Pokémon and put it onto your Bench. Then, shuffle your deck.|",Lightning:×2,Fighting:-30,Colorless,,Wintr Wandr,"Bombirdier uses the apron on its chest to bundle up food, which it carries back to its nest. It enjoys dropping things that make loud noises.",,,,,,,,,,,,,,,,,,,,,,,,,
071.jpg,me5-72,Antique Armor Fossil,Trainer,,Pitch Black,72,Common,https://images.scrydex.com/pokemon/me5-72/large,https://images.scrydex.com/pokemon/me5-72/small,60,"[{""name"": ""Protective Armor"", ""text"": ""As long as this Pokémon is in the Active Spot, all of your Pokémon take 10 less damage from attacks from your opponent's Pokémon (after applying Weakness and Resistance)."", ""type"": ""Ability""}]",,,,,,,,,AYUMI ODASHIMA,,,,,,,,,,,,,,,,,,,,,,,,,,
072.jpg,me5-73,Antique Skull Fossil,Trainer,,Pitch Black,73,Common,https://images.scrydex.com/pokemon/me5-73/large,https://images.scrydex.com/pokemon/me5-73/small,60,"[{""name"": ""Spiny Skull"", ""text"": ""If this Pokémon is in the Active Spot and is damaged by an attack from your opponent's Pokémon (even if this Pokémon is Knocked Out), place 3 damage counters on the Attacking Pokémon."", ""type"": ""Ability""}]",,,,,,,,,AYUMI ODASHIMA,,,,,,,,,,,,,,,,,,,,,,,,,,
073.jpg,me5-74,Backtrack Badge,Trainer,,Pitch Black,74,Uncommon,https://images.scrydex.com/pokemon/me5-74/large,https://images.scrydex.com/pokemon/me5-74/small,,,,,,,,,,,Toyste Beach,,,,,,,,,,,,,,,,,,,,,,,,,,
074.jpg,me5-75,Dark Bell,Trainer,,Pitch Black,75,Uncommon,https://images.scrydex.com/pokemon/me5-75/large,https://images.scrydex.com/pokemon/me5-75/small,,,,,,,,,,,Toyste Beach,,,,,,,,,,,,,,,,,,,,,,,,,,
075.jpg,me5-76,Fossil Quarry,Trainer,,Pitch Black,76,Uncommon,https://images.scrydex.com/pokemon/me5-76/large,https://images.scrydex.com/pokemon/me5-76/small,,,,,,,,,,,Oswaldo KATO,,,,,,,,,,,,,,,,,,,,,,,,,,
076.jpg,me5-77,Gladion's Final Battle,Trainer,,Pitch Black,77,Uncommon,https://images.scrydex.com/pokemon/me5-77/large,https://images.scrydex.com/pokemon/me5-77/small,,,,,,,,,,,akagi,,,,,,,,,,,,,,,,,,,,,,,,,,
077.jpg,me5-78,Gwynn,Trainer,,Pitch Black,78,Uncommon,https://images.scrydex.com/pokemon/me5-78/large,https://images.scrydex.com/pokemon/me5-78/small,,,,,,,,,,,nagimiso,,,,,,,,,,,,,,,,,,,,,,,,,,
078.jpg,me5-79,Jett,Trainer,,Pitch Black,79,Uncommon,https://images.scrydex.com/pokemon/me5-79/large,https://images.scrydex.com/pokemon/me5-79/small,,,,,,,,,,,GIDORA,,,,,,,,,,,,,,,,,,,,,,,,,,
079.jpg,me5-80,Misty's Vitality,Trainer,,Pitch Black,80,Uncommon,https://images.scrydex.com/pokemon/me5-80/large,https://images.scrydex.com/pokemon/me5-80/small,,,,,,,,,,,En Morikura,,,,,,,,,,,,,,,,,,,,,,,,,,
080.jpg,me5-81,Rust Syndicate Grunt,Trainer,,Pitch Black,81,Uncommon,https://images.scrydex.com/pokemon/me5-81/large,https://images.scrydex.com/pokemon/me5-81/small,,,,,,,,,,,Teeziro,,,,,,,,,,,,,,,,,,,,,,,,,,
081.jpg,me5-82,Tremendous Bomb,Trainer,,Pitch Black,82,Uncommon,https://images.scrydex.com/pokemon/me5-82/large,https://images.scrydex.com/pokemon/me5-82/small,,,,,,,,,,,inose yukie,,,,,,,,,,,,,,,,,,,,,,,,,,
082.jpg,me5-83,Shadowy Darkness Energy,Energy,,Pitch Black,83,Rare,https://images.scrydex.com/pokemon/me5-83/large,https://images.scrydex.com/pokemon/me5-83/small,,,,,,,,,,,,,,,,,,,,,,,,,,,,,,,,,,,,,
083.jpg,me5-84,Voltaic Lightning Energy,Energy,,Pitch Black,84,Rare,https://images.scrydex.com/pokemon/me5-84/large,https://images.scrydex.com/pokemon/me5-84/small,,,,,,,,,,,,,,,,,,,,,,,,,,,,,,,,,,,,,
084.jpg,me5-85,Fomantis,Pokémon,Grass,Pitch Black,85,Illustration Rare,https://images.scrydex.com/pokemon/me5-85/large,https://images.scrydex.com/pokemon/me5-85/small,70,,"[{""name"": ""Reckless Charge"", ""cost"": [""Grass""], ""convertedEnergyCost"": 1, ""damage"": ""30"", ""text"": ""This Pokémon also does 10 damage to itself.""}]",Reckless Charge,30,This Pokémon also does 10 damage to itself.,Fire:×2,,Colorless,,Jiro Sasumo,Many Trainers give their Fomantis their own flowerpots so they can sunbathe in peace and quiet.,,,,,,,,,,,,,,,,,,,,,,,,,
085.jpg,me5-86,Armarouge,Pokémon,Fire,Pitch Black,86,Illustration Rare,https://images.scrydex.com/pokemon/me5-86/large,https://images.scrydex.com/pokemon/me5-86/small,140,,"[{""name"": ""Flame Legion"", ""cost"": [""Fire""], ""convertedEnergyCost"": 1, ""damage"": ""40+"", ""text"": ""This attack does 40 more damage for each of your Benched Pokémon that has any Fire Energy attached.""}]",Flame Legion,40+,This attack does 40 more damage for each of your Benched Pokémon that has any Fire Energy attached.,Water:×2,,Colorless__Colorless,Charcadet,Iwamoto05,"This Pokémon clads itself in armor that has been fortified by psychic and fire energy, and it shoots blazing fireballs.",,,,,,,,,,,,,,,,,,,,,,,,,
086.jpg,me5-87,Goldeen,Pokémon,Water,Pitch Black,87,Illustration Rare,https://images.scrydex.com/pokemon/me5-87/large,https://images.scrydex.com/pokemon/me5-87/small,70,,"[{""name"": ""Pierce"", ""cost"": [""Colorless"", ""Colorless""], ""convertedEnergyCost"": 2, ""damage"": ""30"", ""text"": """"}]",Pierce,30,,Lightning:×2,,Colorless,,Gemi,"Its dorsal, pectoral, and tail fins wave elegantly in water. That is why it is known as the Water Dancer.",,,,,,,,,,,,,,,,,,,,,,,,,
087.jpg,me5-88,Primarina,Pokémon,Water,Pitch Black,88,Illustration Rare,https://images.scrydex.com/pokemon/me5-88/large,https://images.scrydex.com/pokemon/me5-88/small,150,"[{""name"": ""Enriching Melody"", ""text"": ""Once during your turn, when you play this Pokémon from your hand to evolve 1 of your Pokémon, you may use this Ability. Heal all damage from 1 of your Pokémon."", ""type"": ""Ability""}]","[{""name"": ""Aqua Return"", ""cost"": [""Water"", ""Colorless""], ""convertedEnergyCost"": 2, ""damage"": ""120"", ""text"": ""Shuffle this Pokémon and all attached cards into your deck.""}]",Aqua Return,120,Shuffle this Pokémon and all attached cards into your deck.,Lightning:×2,,Colorless__Colorless,Brionne,satoma,"Also known as a songstress, it is a sight to behold on moonlit nights when it sings in front of the colony it leads.",,,,,,,,,,,,,,,,,,,,,,,,,
088.jpg,me5-89,Manectric,Pokémon,Lightning,Pitch Black,89,Illustration Rare,https://images.scrydex.com/pokemon/me5-89/large,https://images.scrydex.com/pokemon/me5-89/small,120,,"[{""name"": ""Flashing Barrier"", ""cost"": [""Lightning"", ""Lightning""], ""convertedEnergyCost"": 2, ""damage"": ""50"", ""text"": ""During your opponent's next turn, prevent all damage done to this Pokémon by attacks from Evolution Pokémon.""}, {""name"": ""Sonic Edge"", ""cost"": [""Lightning"", ""Lightning"", ""Lightning""], ""convertedEnergyCost"": 3, ""damage"": ""110"", ""text"": ""This attack's damage isn't affected by any effects on your opponent's Active Pokémon.""}]",Flashing Barrier|Sonic Edge,50|110,"During your opponent's next turn, prevent all damage done to this Pokémon by attacks from Evolution Pokémon.|This attack's damage isn't affected by any effects on your opponent's Active Pokémon.",Fighting:×2,,Colorless,Electrike,HICO KIM,.It discharges electricity from its mane. The Pokémon creates a thundercloud overhead from which to drop lightning bolts.,,,,,,,,,,,,,,,,,,,,,,,,,
089.jpg,me5-90,Slowbro,Pokémon,Psychic,Pitch Black,90,Illustration Rare,https://images.scrydex.com/pokemon/me5-90/large,https://images.scrydex.com/pokemon/me5-90/small,130,,"[{""name"": ""All Out"", ""cost"": [""Psychic""], ""convertedEnergyCost"": 1, ""damage"": ""50+"", ""text"": ""If you have no cards in your hand, this attack does 160 more damage.""}, {""name"": ""Zen Headbutt"", ""cost"": [""Colorless"", ""Colorless"", ""Colorless""], ""convertedEnergyCost"": 3, ""damage"": ""110"", ""text"": """"}]",All Out|Zen Headbutt,50+|110,"If you have no cards in your hand, this attack does 160 more damage.|",Darkness:×2,Fighting:-30,Colorless__Colorless__Colorless,Slowpoke,Mékayu,An attached Shellder won't let go because of the tasty flavor that oozes out of Slowbro's tail.,,,,,,,,,,,,,,,,,,,,,,,,,
090.jpg,me5-91,Dhelmise,Pokémon,Psychic,Pitch Black,91,Illustration Rare,https://images.scrydex.com/pokemon/me5-91/large,https://images.scrydex.com/pokemon/me5-91/small,140,,"[{""name"": ""Vengeful Anchor"", ""cost"": [""Psychic""], ""convertedEnergyCost"": 1, ""damage"": ""30+"", ""text"": ""If you have 4 or more Pokémon that have the Hide 'n' Sneak Ability in your discard pile, this attack does 140 more damage.""}]",Vengeful Anchor,30+,"If you have 4 or more Pokémon that have the Hide 'n' Sneak Ability in your discard pile, this attack does 140 more damage.",Darkness:×2,Fighting:-30,Colorless__Colorless__Colorless,,Nakamura Ippan,"After a piece of seaweed merged with debris from a ""sunken ship, it was reborn as this ghost Pokémon.",,,,,,,,,,,,,,,,,,,,,,,,,
091.jpg,me5-92,Thievul,Pokémon,Darkness,Pitch Black,92,Illustration Rare,https://images.scrydex.com/pokemon/me5-92/large,https://images.scrydex.com/pokemon/me5-92/small,100,,"[{""name"": ""Skill Thief"", ""cost"": [""Colorless"", ""Colorless""], ""convertedEnergyCost"": 2, ""damage"": """", ""text"": ""If you have no cards in your hand, choose an attack from 1 of your opponent's Pokémon in play and use it as this attack.""}, {""name"": ""Sharp Fang"", ""cost"": [""Darkness"", ""Colorless"", ""Colorless""], ""convertedEnergyCost"": 3, ""damage"": ""80"", ""text"": """"}]",Skill Thief|Sharp Fang,|80,"If you have no cards in your hand, choose an attack from 1 of your opponent's Pokémon in play and use it as this attack.|",Grass:×2,,Colorless,Nickit,Jerky,"It secretly marks potential targets with a scent. By following the scent, it stalks its targets and steals from them when they least expect it.",,,,,,,,,,,,,,,,,,,,,,,,,
092.jpg,me5-93,Bastiodon,Pokémon,Metal,Pitch Black,93,Illustration Rare,https://images.scrydex.com/pokemon/me5-93/large,https://images.scrydex.com/pokemon/me5-93/small,160,"[{""name"": ""Ancient Bulwark"", ""text"": ""As long as this Pokémon is on your Bench, prevent all damage done to each of your Pokémon by attacks from your opponent's Pokémon that have 2 or less Energy attached."", ""type"": ""Ability""}]","[{""name"": ""Hammer In"", ""cost"": [""Metal"", ""Metal"", ""Colorless""], ""convertedEnergyCost"": 3, ""damage"": ""160"", ""text"": """"}]",Hammer In,160,,Fire:×2,Grass:-30,Colorless__Colorless__Colorless__Colorless,Shieldon,Yoriyuki Ikegami,"Bastiodon live in herds. When assaulted by enemies, they line up side by side and use their hard faces to block attacks.",,,,,,,,,,,,,,,,,,,,,,,,,
093.jpg,me5-94,Toucannon,Pokémon,Colorless,Pitch Black,94,Illustration Rare,https://images.scrydex.com/pokemon/me5-94/large,https://images.scrydex.com/pokemon/me5-94/small,150,"[{""name"": ""Aerial Draw"", ""text"": ""Once during your turn, you may use this Ability. Draw a card."", ""type"": ""Ability""}]","[{""name"": ""Feather Rondo"", ""cost"": [""Colorless""], ""convertedEnergyCost"": 1, ""damage"": ""60+"", ""text"": ""This attack does 20 more damage for each Benched Pokémon (both yours and your opponent's).""}]",Feather Rondo,60+,This attack does 20 more damage for each Benched Pokémon (both yours and your opponent's).,Lightning:×2,Fighting:-30,Colorless__Colorless,Trumbeak,miki kudo,"Pairs of Toucannon are considered symbols of companionship, as these Pokémon will raise the temperature of their beaks to warm each other.",,,,,,,,,,,,,,,,,,,,,,,,,
094.jpg,me5-95,Silvally,Pokémon,Colorless,Pitch Black,95,Illustration Rare,https://images.scrydex.com/pokemon/me5-95/large,https://images.scrydex.com/pokemon/me5-95/small,140,"[{""name"": ""Call a Buddy"", ""text"": ""Once during your turn, if you have no cards in your hand, you may use this Ability. Search your deck for a Supporter card, reveal it, and put it into your hand. Then, shuffle your deck."", ""type"": ""Ability""}]","[{""name"": ""Air Slash"", ""cost"": [""Colorless"", ""Colorless"", ""Colorless""], ""convertedEnergyCost"": 3, ""damage"": ""130"", ""text"": ""Discard an Energy from this Pokémon.""}]",Air Slash,130,Discard an Energy from this Pokémon.,Fighting:×2,,Colorless__Colorless,Type: Null,DOM,The final factor needed to release this Pokémon's true power was a strong bond with a Trainer it trusts.,,,,,,,,,,,,,,,,,,,,,,,,,
095.jpg,me5-96,Lurantis ex,Pokémon,Grass,Pitch Black,96,Ultra Rare,https://images.scrydex.com/pokemon/me5-96/large,https://images.scrydex.com/pokemon/me5-96/small,260,,"[{""name"": ""Lively Cutter"", ""cost"": [""Grass""], ""convertedEnergyCost"": 1, ""damage"": ""60+"", ""text"": ""If this Pokémon was healed during this turn, this attack does 200 more damage.""}, {""name"": ""Leaf Guard"", ""cost"": [""Grass"", ""Colorless""], ""convertedEnergyCost"": 2, ""damage"": ""140"", ""text"": ""During your opponent's next turn, this Pokémon takes 50 less damage from attacks (after applying Weakness and Resistance).""}]",Lively Cutter|Leaf Guard,60+|140,"If this Pokémon was healed during this turn, this attack does 200 more damage.|During your opponent's next turn, this Pokémon takes 50 less damage from attacks (after applying Weakness and Resistance).",Fire:×2,,Colorless,Fomantis,5ban Graphics,,,,,,,,,,,,,,,,,,,,,,,,,,
096.jpg,me5-97,Wailord ex,Pokémon,Water,Pitch Black,97,Ultra Rare,https://images.scrydex.com/pokemon/me5-97/large,https://images.scrydex.com/pokemon/me5-97/small,380,,"[{""name"": ""Surf"", ""cost"": [""Water"", ""Water"", ""Water""], ""convertedEnergyCost"": 3, ""damage"": ""120"", ""text"": """"}, {""name"": ""Falling Down"", ""cost"": [""Water"", ""Water"", ""Water"", ""Water"", ""Water""], ""convertedEnergyCost"": 5, ""damage"": ""270"", ""text"": ""This Pokémon is now Asleep.""}]",Surf|Falling Down,120|270,|This Pokémon is now Asleep.,Lightning:×2,,Colorless__Colorless__Colorless__Colorless,Wailmer,5ban Graphics,,,,,,,,,,,,,,,,,,,,,,,,,,
097.jpg,me5-98,Mega Zeraora ex,Pokémon,Lightning,Pitch Black,98,Ultra Rare,https://images.scrydex.com/pokemon/me5-98/large,https://images.scrydex.com/pokemon/me5-98/small,270,,"[{""name"": ""Thunderous Fist"", ""cost"": [""Lightning""], ""convertedEnergyCost"": 1, ""damage"": ""60×"", ""text"": ""This attack does 60 damage for each Lightning Energy attached to this Pokémon.""}, {""name"": ""Zepto Turn"", ""cost"": [""Lightning"", ""Lightning"", ""Lightning""], ""convertedEnergyCost"": 3, ""damage"": ""150"", ""text"": ""Switch this Pokémon with 1 of your Benched Pokémon.""}]",Thunderous Fist|Zepto Turn,60×|150,This attack does 60 damage for each Lightning Energy attached to this Pokémon.|Switch this Pokémon with 1 of your Benched Pokémon.,Fighting:×2,,Colorless,,5ban Graphics,,,,,,,,,,,,,,,,,,,,,,,,,,
098.jpg,me5-99,Mega Chandelure ex,Pokémon,Psychic,Pitch Black,99,Ultra Rare,https://images.scrydex.com/pokemon/me5-99/large,https://images.scrydex.com/pokemon/me5-99/small,350,"[{""name"": ""Binding Flame"", ""text"": ""Your opponent's Active Pokémon's Retreat Cost is Colorless more."", ""type"": ""Ability""}]","[{""name"": ""Phantom Maze"", ""cost"": [""Psychic"", ""Psychic""], ""convertedEnergyCost"": 2, ""damage"": ""130+"", ""text"": ""This attack does 50 more damage for each Colorless in your opponent's Active Pokémon's Retreat Cost.""}]",Phantom Maze,130+,This attack does 50 more damage for each Colorless in your opponent's Active Pokémon's Retreat Cost.,Darkness:×2,Fighting:-30,Colorless__Colorless,Lampent,5ban Graphics,,,,,,,,,,,,,,,,,,,,,,,,,,
099.jpg,me5-100,Rampardos ex,Pokémon,Fighting,Pitch Black,100,Ultra Rare,https://images.scrydex.com/pokemon/me5-100/large,https://images.scrydex.com/pokemon/me5-100/small,330,"[{""name"": ""Destructive Headbutting"", ""text"": ""Once during your turn, if this Pokémon is in the Active Spot, you may use this Ability. Flip a coin. If heads, discard an Energy from your opponent's Active Pokémon."", ""type"": ""Ability""}]","[{""name"": ""Rowdy Hammer"", ""cost"": [""Fighting"", ""Fighting""], ""convertedEnergyCost"": 2, ""damage"": ""150"", ""text"": ""During your next turn, attacks used by this Pokémon do 150 more damage to your opponent's Active Pokémon (before applying Weakness and Resistance).""}]",Rowdy Hammer,150,"During your next turn, attacks used by this Pokémon do 150 more damage to your opponent's Active Pokémon (before applying Weakness and Resistance).",Grass:×2,,Colorless__Colorless,Cranidos,5ban Graphics,,,,,,,,,,,,,,,,,,,,,,,,,,
100.jpg,me5-101,Mega Darkrai ex,Pokémon,Darkness,Pitch Black,101,Ultra Rare,https://images.scrydex.com/pokemon/me5-101/large,https://images.scrydex.com/pokemon/me5-101/small,280,,"[{""name"": ""Dusk Raid"", ""cost"": [""Darkness"", ""Darkness""], ""convertedEnergyCost"": 2, ""damage"": ""110+"", ""text"": ""If your Benched Pokémon have any damage counters on them, this attack does 110 more damage.""}, {""name"": ""Abyss Eye"", ""cost"": [""Darkness"", ""Darkness"", ""Darkness""], ""convertedEnergyCost"": 3, ""damage"": """", ""text"": ""If your opponent's Active Pokémon is affected by a Special Condition, it is Knocked Out.""}]",Dusk Raid|Abyss Eye,110+|,"If your Benched Pokémon have any damage counters on them, this attack does 110 more damage.|If your opponent's Active Pokémon is affected by a Special Condition, it is Knocked Out.",Grass:×2,,Colorless__Colorless,,5ban Graphics,,,,,,,,,,,,,,,,,,,,,,,,,,
101.jpg,me5-102,Morpeko ex,Pokémon,Darkness,Pitch Black,102,Ultra Rare,https://images.scrydex.com/pokemon/me5-102/large,https://images.scrydex.com/pokemon/me5-102/small,180,,"[{""name"": ""Wheely Draw"", ""cost"": [""Darkness""], ""convertedEnergyCost"": 1, ""damage"": """", ""text"": ""Shuffle your hand into your deck. Then, draw 6 cards.""}, {""name"": ""Hangry Blaster"", ""cost"": [""Darkness"", ""Darkness""], ""convertedEnergyCost"": 2, ""damage"": ""40+"", ""text"": ""This attack does 40 more damage for each damage counter on this Pokémon.""}]",Wheely Draw|Hangry Blaster,|40+,"Shuffle your hand into your deck. Then, draw 6 cards.|This attack does 40 more damage for each damage counter on this Pokémon.",Grass:×2,,Colorless,,5ban Graphics,,,,,,,,,,,,,,,,,,,,,,,,,,
102.jpg,me5-103,Mega Excadrill ex,Pokémon,Metal,Pitch Black,103,Ultra Rare,https://images.scrydex.com/pokemon/me5-103/large,https://images.scrydex.com/pokemon/me5-103/small,340,,"[{""name"": ""Undermine"", ""cost"": [""Metal"", ""Metal""], ""convertedEnergyCost"": 2, ""damage"": ""90"", ""text"": ""Discard the top 2 cards of your opponent's deck.""}, {""name"": ""Maximum Drilling"", ""cost"": [""Metal"", ""Metal"", ""Metal""], ""convertedEnergyCost"": 3, ""damage"": ""200+"", ""text"": ""If this Pokémon has at least 2 extra Energy attached (in addition to this attack's cost), this attack does 130 more damage.""}]",Undermine|Maximum Drilling,90|200+,"Discard the top 2 cards of your opponent's deck.|If this Pokémon has at least 2 extra Energy attached (in addition to this attack's cost), this attack does 130 more damage.",Fire:×2,Grass:-30,Colorless__Colorless__Colorless__Colorless,Drilbur,Keisuke Azuma,,,,,,,,,,,,,,,,,,,,,,,,,,
103.jpg,me5-104,Brave Bangle,Trainer,,Pitch Black,104,Ultra Rare,https://images.scrydex.com/pokemon/me5-104/large,https://images.scrydex.com/pokemon/me5-104/small,,,,,,,,,,,Toyste Beach,,,,,,,,,,,,,,,,,,,,,,,,,,
104.jpg,me5-105,Crushing Hammer,Trainer,,Pitch Black,105,Ultra Rare,https://images.scrydex.com/pokemon/me5-105/large,https://images.scrydex.com/pokemon/me5-105/small,,,,,,,,,,,Ayaka Yoshida,,,,,,,,,,,,,,,,,,,,,,,,,,
105.jpg,me5-106,Dark Bell,Trainer,,Pitch Black,106,Ultra Rare,https://images.scrydex.com/pokemon/me5-106/large,https://images.scrydex.com/pokemon/me5-106/small,,,,,,,,,,,,,,,,,,,,,,,,,,,,,,,,,,,,,
106.jpg,me5-107,Energy Switch,Trainer,,Pitch Black,107,Ultra Rare,https://images.scrydex.com/pokemon/me5-107/large,https://images.scrydex.com/pokemon/me5-107/small,,,,,,,,,,,,,,,,,,,,,,,,,,,,,,,,,,,,,
107.jpg,me5-108,Gladion's Final Battle,Trainer,,Pitch Black,108,Ultra Rare,https://images.scrydex.com/pokemon/me5-108/large,https://images.scrydex.com/pokemon/me5-108/small,,,,,,,,,,,akagi,,,,,,,,,,,,,,,,,,,,,,,,,,
108.jpg,me5-109,Gwynn,Trainer,,Pitch Black,109,Ultra Rare,https://images.scrydex.com/pokemon/me5-109/large,https://images.scrydex.com/pokemon/me5-109/small,,,,,,,,,,,nagimiso,,,,,,,,,,,,,,,,,,,,,,,,,,
109.jpg,me5-110,Iron Defender,Trainer,,Pitch Black,110,Ultra Rare,https://images.scrydex.com/pokemon/me5-110/large,https://images.scrydex.com/pokemon/me5-110/small,,,,,,,,,,,Studio Bora Inc.,,,,,,,,,,,,,,,,,,,,,,,,,,
110.jpg,me5-111,Misty's Vitality,Trainer,,Pitch Black,111,Ultra Rare,https://images.scrydex.com/pokemon/me5-111/large,https://images.scrydex.com/pokemon/me5-111/small,,,,,,,,,,,En Morikura,,,,,,,,,,,,,,,,,,,,,,,,,,
111.jpg,me5-112,Rust Syndicate Grunt,Trainer,,Pitch Black,112,Ultra Rare,https://images.scrydex.com/pokemon/me5-112/large,https://images.scrydex.com/pokemon/me5-112/small,,,,,,,,,,,Teeziro,,,,,,,,,,,,,,,,,,,,,,,,,,
112.jpg,me5-113,Tremendous Bomb,Trainer,,Pitch Black,113,Ultra Rare,https://images.scrydex.com/pokemon/me5-113/large,https://images.scrydex.com/pokemon/me5-113/small,,,,,,,,,,,inose yukie,,,,,,,,,,,,,,,,,,,,,,,,,,
113.jpg,me5-114,Mega Zeraora ex,Pokémon,Lightning,Pitch Black,114,Special Illustration Rare,https://images.scrydex.com/pokemon/me5-114/large,https://images.scrydex.com/pokemon/me5-114/small,270,,"[{""name"": ""Thunderous Fist"", ""cost"": [""Lightning""], ""convertedEnergyCost"": 1, ""damage"": ""60×"", ""text"": ""This attack does 60 damage for each Lightning Energy attached to this Pokémon.""}, {""name"": ""Zepto Turn"", ""cost"": [""Lightning"", ""Lightning"", ""Lightning""], ""convertedEnergyCost"": 3, ""damage"": ""150"", ""text"": ""Switch this Pokémon with 1 of your Benched Pokémon.""}]",Thunderous Fist|Zepto Turn,60×|150,This attack does 60 damage for each Lightning Energy attached to this Pokémon.|Switch this Pokémon with 1 of your Benched Pokémon.,Fighting:×2,,Colorless,,GIDORA,,,,,,,,,,,,,,,,,,,,,,,,,,
114.jpg,me5-115,Mega Chandelure ex,Pokémon,Psychic,Pitch Black,115,Special Illustration Rare,https://images.scrydex.com/pokemon/me5-115/large,https://images.scrydex.com/pokemon/me5-115/small,350,"[{""name"": ""Binding Flame"", ""text"": ""Your opponent's Active Pokémon's Retreat Cost is Colorless more."", ""type"": ""Ability""}]","[{""name"": ""Phantom Maze"", ""cost"": [""Psychic"", ""Psychic""], ""convertedEnergyCost"": 2, ""damage"": ""130+"", ""text"": ""This attack does 50 more damage for each Colorless in your opponent's Active Pokémon's Retreat Cost.""}]",Phantom Maze,130+,This attack does 50 more damage for each Colorless in your opponent's Active Pokémon's Retreat Cost.,Darkness:×2,Fighting:-30,Colorless__Colorless,Lampent,,,,,,,,,,,,,,,,,,,,,,,,,,,
115.jpg,me5-116,Mega Darkrai ex,Pokémon,Darkness,Pitch Black,116,Special Illustration Rare,https://images.scrydex.com/pokemon/me5-116/large,https://images.scrydex.com/pokemon/me5-116/small,280,,"[{""name"": ""Dusk Raid"", ""cost"": [""Darkness"", ""Darkness""], ""convertedEnergyCost"": 2, ""damage"": ""110+"", ""text"": ""If your Benched Pokémon have any damage counters on them, this attack does 110 more damage.""}, {""name"": ""Abyss Eye"", ""cost"": [""Darkness"", ""Darkness"", ""Darkness""], ""convertedEnergyCost"": 3, ""damage"": """", ""text"": ""If your opponent's Active Pokémon is affected by a Special Condition, it is Knocked Out.""}]",Dusk Raid|Abyss Eye,110+|,"If your Benched Pokémon have any damage counters on them, this attack does 110 more damage.|If your opponent's Active Pokémon is affected by a Special Condition, it is Knocked Out.",Grass:×2,,Colorless__Colorless,,AKIRA EGAWA,,,,,,,,,,,,,,,,,,,,,,,,,,
116.jpg,me5-117,Morpeko ex,Pokémon,Darkness,Pitch Black,117,Special Illustration Rare,https://images.scrydex.com/pokemon/me5-117/large,https://images.scrydex.com/pokemon/me5-117/small,180,,"[{""name"": ""Wheely Draw"", ""cost"": [""Darkness""], ""convertedEnergyCost"": 1, ""damage"": """", ""text"": ""Shuffle your hand into your deck. Then, draw 6 cards.""}, {""name"": ""Hangry Blaster"", ""cost"": [""Darkness"", ""Darkness""], ""convertedEnergyCost"": 2, ""damage"": ""40+"", ""text"": ""This attack does 40 more damage for each damage counter on this Pokémon.""}]",Wheely Draw|Hangry Blaster,|40+,"Shuffle your hand into your deck. Then, draw 6 cards.|This attack does 40 more damage for each damage counter on this Pokémon.",Grass:×2,,Colorless,,NG Empire,,,,,,,,,,,,,,,,,,,,,,,,,,
117.jpg,me5-118,Gladion's Final Battle,Trainer,,Pitch Black,118,Special Illustration Rare,https://images.scrydex.com/pokemon/me5-118/large,https://images.scrydex.com/pokemon/me5-118/small,,,,,,,,,,,DOM,,,,,,,,,,,,,,,,,,,,,,,,,,
118.jpg,me5-119,Gwynn,Trainer,,Pitch Black,119,Special Illustration Rare,https://images.scrydex.com/pokemon/me5-119/large,https://images.scrydex.com/pokemon/me5-119/small,,,,,,,,,,,Naoki Saito,,,,,,,,,,,,,,,,,,,,,,,,,,
119.jpg,me5-120,Mega Darkrai ex,Pokémon,Darkness,Pitch Black,120,Mega Hyper Rare,https://images.scrydex.com/pokemon/me5-120/large,https://images.scrydex.com/pokemon/me5-120/small,280,,"[{""name"": ""Dusk Raid"", ""cost"": [""Darkness"", ""Darkness""], ""convertedEnergyCost"": 2, ""damage"": ""110+"", ""text"": ""If your Benched Pokémon have any damage counters on them, this attack does 110 more damage.""}, {""name"": ""Abyss Eye"", ""cost"": [""Darkness"", ""Darkness"", ""Darkness""], ""convertedEnergyCost"": 3, ""damage"": """", ""text"": ""If your opponent's Active Pokémon is affected by a Special Condition, it is Knocked Out.""}]",Dusk Raid|Abyss Eye,110+|,"If your Benched Pokémon have any damage counters on them, this attack does 110 more damage.|If your opponent's Active Pokémon is affected by a Special Condition, it is Knocked Out.",Grass:×2,,Colorless__Colorless,,5ban Graphics,,,,,,,,,,,,,,,,,,,,,,,,,,
